idx,start_s,end_s,dur_s,group,singer,lyric,voice,pitch_dev_ct,pitch_shift_ct,raw_dbfs,static_gain_db,phrase_gain_db,net_gain_db,concurrent_voices,pan_start,pan_peak,unison_scale_db,humanize
1,6.03,7.59,1.56,🤍,鸟♀,"「やぁ、こんにちは」",kotori,30,-30,-15.6,7.0,2.7,9.6,0.91,0.00,0.00,0.0,0.00
2,7.89,11.20,3.31,🤍,鸟♂,"「こんにちは」→ 合 Ah____",kotori-male,25,,-21.7,16.4,8.8,25.2,1.48,0.00,0.00,-1.7,0.00
3,9.06,10.81,1.75,🤍,鸟♀,"合 Ah____",kotori,1610,,-13.3,7.0,0.4,7.4,1.91,0.00,0.00,-2.8,0.00
4,11.93,13.63,1.70,🤍,鸟♂,"「ねぇ、調子どう？」",kotori-male,-1230,,-19.3,16.4,6.3,22.7,0.92,0.00,0.00,0.0,0.00
5,13.87,16.68,2.81,🤍,鸟♀,"「普通かな…」→ 合 Uh____",kotori,330,,-13.7,7.0,0.8,7.7,1.52,0.00,0.00,-1.8,0.00
6,15.03,17.35,2.31,🤍,鸟♂,"合 Uh____",kotori-male,-1170,,-19.2,16.4,6.2,22.6,1.66,0.00,0.00,-2.2,0.00
7,30.35,35.32,4.97,🧡,果♀,"「花火大会が来週あるんだってね」",honoka,40,-40,-16.0,8.0,3.0,11.0,0.89,-0.00,-0.00,0.0,0.00
8,35.67,41.59,5.92,🧡,果♂,"「あーゆー人が多いの、俺は苦手なんだよな」",honoka-male,-1220,,-24.0,17.1,10.0,27.1,0.97,-0.00,-0.00,0.0,0.00
9,41.68,47.33,5.65,🧡,果♀,"「あーあ。それじゃ誰か他をあたってみっか」",honoka,10,,-16.3,8.0,3.3,11.3,0.89,-0.00,-0.00,0.0,0.00
10,47.67,53.72,6.05,🧡,果♂,"「やっぱ、楽しそうだな。結構行きたいかも」",honoka-male,-1225,,-20.5,17.1,7.5,24.6,0.91,-0.00,-0.00,0.0,0.00
11,54.07,55.54,1.47,💙,海♀,"「喉渇いたな」",umi,5,,-17.3,7.0,4.3,11.3,0.91,0.00,0.00,0.0,0.00
12,55.90,56.95,1.06,💙,海♂,"「これ飲めば？」",umi-male,100,,-17.3,16.6,4.3,20.9,0.87,0.00,0.00,0.0,0.00
13,57.42,60.31,2.89,💙,海♀,"「これっていわゆる間接KISS？」",umi,10,,-17.7,7.0,4.7,11.7,0.91,0.00,0.00,0.0,0.00
14,60.44,61.50,1.06,💙,海♂,"「意識した？」",umi-male,20,,-20.1,16.6,7.2,23.8,0.91,0.00,0.00,0.0,0.00
15,61.92,66.09,4.17,💙,海♀,"「意識した…」→ 合 喉は渇いたまんま",umi,1160,,-14.2,7.0,1.3,8.3,1.63,0.00,0.22,-2.1,0.00
16,63.02,66.02,3.00,💙,海♂,"合 喉は渇いたまんま",umi-male,0,,-15.0,16.6,2.0,18.6,1.90,0.10,0.22,-2.8,0.00
17,66.73,78.18,11.45,🤍,鸟♂,"待ってる左手にほんの少し触れてみる／繋ぎたい 繋ぎたい だけどポケットに隠れた",kotori-male,-30,30,-14.8,16.4,1.9,18.2,0.91,0.00,0.00,0.0,0.00
18,78.80,84.13,5.33,🤍,鸟♀,"ほんとは気づいてる ほんの少しで届く距離",kotori,10,,-14.7,7.0,1.7,8.7,0.91,0.00,0.00,0.0,0.00
19,84.76,90.33,5.57,🤍,鸟♀,"繋ぎたい 繋ぎたい 本音 背中に隠すの",kotori,40,-40,-14.2,7.0,1.3,8.3,0.90,0.00,0.00,0.0,0.00
20,102.37,107.46,5.09,🧡,果♂,"「何怒ってんの？気に障る事しましたっけ？」",honoka-male,-1225,,-17.4,17.1,4.4,21.5,0.97,-0.00,-0.00,0.0,0.00
21,107.69,113.29,5.60,🧡,果♀,"「ヒント！何か今日は違う気がしませんか？」",honoka,30,-30,-16.9,8.0,4.0,12.0,0.92,-0.00,-0.00,0.0,0.00
22,113.49,119.39,5.90,🧡,果♂,"「分かった！気にしないでいいよ太ったこと」",honoka-male,-1200,,-17.0,17.1,4.1,21.1,0.93,-0.00,-0.00,0.0,0.00
23,119.47,125.60,6.12,🧡,果♀,"「殴るよ？！１５センチ切った髪に気づけ」",honoka,40,-40,-15.2,8.0,2.3,10.3,0.93,-0.00,-0.00,0.0,0.00
24,126.07,127.52,1.45,💙,海♂,"「お腹空いたな」",umi-male,60,-60,-13.0,16.6,0.1,16.6,0.91,0.00,0.00,0.0,0.00
25,127.97,128.95,0.98,💙,海♀,"「これ食べて」",umi,-230,,-19.2,7.0,6.2,13.2,0.86,0.00,0.00,0.0,0.00
26,129.40,133.44,4.04,💙,海♂,"「これっていわゆる手作りクッキー？」／「夏なのに？」",umi-male,-80,80,-13.0,16.6,0.0,16.6,0.93,0.00,0.00,0.0,0.00
27,133.92,138.05,4.13,💙,海♀,"「夏なのに！」→ 合 喉が渇きますね",umi,1180,,-14.4,7.0,1.4,8.4,1.64,0.00,0.22,-2.1,0.00
28,135.04,138.07,3.02,💙,海♂,"合 喉が渇きますね",umi-male,50,-50,-11.0,16.6,-2.0,14.6,1.91,0.11,0.22,-2.8,0.00
29,138.80,144.10,5.31,💙,海♀,"ほんとは気づいてる ほんの少しで届く距離",umi,0,,-13.7,7.0,0.7,7.7,0.90,0.00,0.00,0.0,0.00
30,144.77,150.21,5.44,💙,海♀,"繋ぎたい 繋ぎたい 掴む 袖口ひいてみる",umi,10,,-13.5,7.0,0.6,7.6,0.95,0.00,0.00,0.0,0.00
31,150.76,151.95,1.19,💙,海♂,"「綺麗だね」",umi-male,-30,30,-19.3,16.6,6.4,22.9,0.96,0.00,0.02,0.0,0.00
32,151.88,154.63,2.75,💙,海♀,"「綺麗だね」→ 合 Ah____",umi,0,,-20.0,7.0,7.1,14.1,1.57,0.02,0.20,-2.0,0.00
33,152.99,155.22,2.23,💙,海♂,"合 Ah____",umi-male,-440,,-19.8,16.6,6.8,23.4,1.67,0.13,0.20,-2.2,0.00
34,156.78,157.91,1.14,💙,海♂,"「綺麗だよ」",umi-male,-10,,-15.5,16.6,2.5,19.1,0.92,0.00,0.00,0.0,0.00
35,157.95,160.82,2.87,💙,海♀,"「綺麗だよ」→ 合 Uh____",umi,30,-30,-18.0,7.0,5.0,12.0,1.60,0.00,0.20,-2.0,0.00
36,159.02,161.25,2.22,💙,海♂,"合 Uh____",umi-male,-400,,-23.1,16.6,10.0,26.6,1.77,0.14,0.20,-2.5,0.00
37,162.80,165.45,2.65,🤍,鸟♀,"遠くから見てただけの",kotori,10,,-16.3,7.0,3.4,10.4,1.89,0.00,0.00,-2.8,0.00
38,162.81,165.51,2.71,🤍,鸟♂,"遠くから見てただけの",kotori-male,-40,40,-14.7,16.4,1.8,18.1,1.88,0.00,0.00,-2.7,0.00
39,165.66,168.14,2.48,🧡,果♀,"花火が今目の前に",honoka,30,-30,-19.0,8.0,6.1,14.1,1.85,-0.11,-0.21,-2.7,0.00
40,165.81,168.35,2.54,🧡,果♂,"花火が今目の前に",honoka-male,-40,40,-15.0,17.1,2.1,19.2,1.86,-0.13,-0.21,-2.7,0.00
41,168.77,174.70,5.93,💙,海♂,"時を止め帰りたくないよね、今日は",umi-male,-1150,,-20.4,16.6,7.5,24.1,1.75,0.09,0.22,-2.4,0.00
42,168.79,175.03,6.25,💙,海♀,"時を止め帰りたくないよね、今日は",umi,0,,-14.2,7.0,1.3,8.3,1.71,0.10,0.22,-2.3,0.00
43,181.81,182.98,1.17,🤍,鸟♀,"「好きかもね」",kotori,10,,-15.4,7.0,2.5,9.4,0.89,0.00,0.00,0.0,0.00
44,183.36,184.57,1.21,🤍,鸟♂,"「好きかもね」",kotori-male,-60,60,-19.8,16.4,6.9,23.3,0.88,0.00,0.00,0.0,0.00
45,188.21,193.58,5.38,🧡,果♂,"待ってる左手に ほんの少し触れてみる",honoka-male,-20,,-13.2,17.1,0.3,17.4,2.74,-0.18,-0.22,-4.4,0.96
46,188.21,193.57,5.36,🤍,鸟♂,"待ってる左手に ほんの少し触れてみる",kotori-male,-20,,-14.0,16.4,1.0,17.4,2.74,0.00,0.00,-4.4,0.96
47,188.21,193.57,5.36,💙,海♂,"待ってる左手に ほんの少し触れてみる",umi-male,-20,,-13.8,16.6,0.8,17.4,2.75,0.18,0.22,-4.4,0.96
48,194.18,199.64,5.46,🤍,鸟♂,"繋ぎたい 繋ぎたい 君を 黙って奪うよ",kotori-male,-70,70,-12.3,16.4,-0.6,15.7,2.87,0.00,0.00,-4.6,1.00
49,194.19,199.64,5.45,🧡,果♂,"繋ぎたい 繋ぎたい 君を 黙って奪うよ",honoka-male,-60,60,-11.6,17.1,-1.4,15.7,2.87,-0.21,-0.22,-4.6,1.00
50,194.19,199.63,5.45,💙,海♂,"繋ぎたい 繋ぎたい 君を 黙って奪うよ",umi-male,-60,60,-12.1,16.6,-0.8,15.7,2.87,0.21,0.22,-4.6,1.00
51,200.26,205.62,5.36,🧡,果♀,"ほんとは気づいてる ほんの少しで届く距離",honoka,10,,-12.8,8.0,-0.2,7.8,5.48,-0.22,-0.22,-7.4,1.00
52,200.27,205.64,5.36,💙,海♀,"ほんとは気づいてる ほんの少しで届く距離",umi,0,,-12.8,7.0,-0.1,6.9,5.48,0.22,0.22,-7.4,1.00
53,200.30,205.68,5.38,🧡,果♂,"ほんとは気づいてる ほんの少しで届く距離",honoka-male,-1210,,-12.3,17.1,-0.6,16.4,5.48,-0.22,-0.22,-7.4,1.00
54,200.30,205.66,5.37,🤍,鸟♂,"ほんとは気づいてる ほんの少しで届く距離",kotori-male,-1210,,-13.0,16.4,0.1,16.5,5.49,0.00,0.00,-7.4,1.00
55,200.30,205.68,5.38,🤍,鸟♀,"ほんとは気づいてる ほんの少しで届く距離",kotori,10,,-14.8,7.0,1.9,8.9,5.48,0.00,0.00,-7.4,1.00
56,200.30,205.66,5.36,💙,海♂,"ほんとは気づいてる ほんの少しで届く距離",umi-male,-1210,,-12.8,16.6,-0.1,16.4,5.49,0.22,0.22,-7.4,1.00
57,206.20,213.48,7.28,🧡,果♂,"繋ぎたい 繋ぎたい ぎゅっと 握り返すよ",honoka-male,-1200,,-13.6,17.1,0.7,17.8,5.73,-0.22,-0.22,-7.6,0.98
58,206.20,213.48,7.28,🤍,鸟♂,"繋ぎたい 繋ぎたい ぎゅっと 握り返すよ",kotori-male,-1200,,-14.4,16.4,1.4,17.8,5.73,0.00,0.00,-7.6,0.98
59,206.21,213.48,7.27,💙,海♂,"繋ぎたい 繋ぎたい ぎゅっと 握り返すよ",umi-male,-1200,,-14.1,16.6,1.2,17.8,5.73,0.22,0.22,-7.6,0.98
60,206.26,213.63,7.37,🤍,鸟♀,"繋ぎたい 繋ぎたい ぎゅっと 握り返すよ",kotori,10,,-13.4,7.0,0.4,7.4,5.69,0.00,0.00,-7.5,0.97
61,206.28,213.37,7.09,💙,海♀,"繋ぎたい 繋ぎたい ぎゅっと 握り返すよ",umi,0,,-12.7,7.0,-0.3,6.7,5.79,0.22,0.22,-7.6,0.99
62,206.29,213.28,6.99,🧡,果♀,"繋ぎたい 繋ぎたい ぎゅっと 握り返すよ",honoka,10,,-12.3,8.0,-0.6,7.4,5.80,-0.22,-0.22,-7.6,0.99
